{
  "model_name": "random_forest",
  "model_type": "random",
  "metrics": {
    "accuracy": 0.5320990942994139,
    "f1_macro": 0.44275473982460606,
    "f1_weighted": 0.5308365642286083,
    "roc_auc_ovr": 0.6523101204458627,
    "precision_macro": 0.4426826763806706,
    "recall_macro": 0.44408839054841964
  },
  "n_features": 63,
  "classes": [
    "NO",
    "<30",
    ">30"
  ]
}