{
  "logistic": {
    "model_name": "logistic",
    "accuracy": 0.49140916355887054,
    "precision_macro": 0.4338945469549597,
    "recall_macro": 0.45015541421177857,
    "f1_macro": 0.42447341925844045,
    "precision_weighted": 0.5293759168296993,
    "recall_weighted": 0.49140916355887054,
    "f1_weighted": 0.501024388718164,
    "roc_auc_ovr": 0.6457009882700656,
    "roc_auc_weighted": 0.645728397094796,
    "precision_per_class": [
      0.6427465152297367,
      0.19126589275843006,
      0.4676712328767123
    ],
    "recall_per_class": [
      0.623981957148227,
      0.40634174985320026,
      0.3201425356339085
    ],
    "f1_per_class": [
      0.6332252527179096,
      0.2601014846833302,
      0.3800935203740815
    ],
    "confusion_matrix": [
      [
        4980,
        1490,
        1511
      ],
      [
        579,
        692,
        432
      ],
      [
        2189,
        1436,
        1707
      ]
    ],
    "classification_report": {
      "NO": {
        "precision": 0.6427465152297367,
        "recall": 0.623981957148227,
        "f1-score": 0.6332252527179096,
        "support": 7981.0
      },
      "<30": {
        "precision": 0.19126589275843006,
        "recall": 0.40634174985320026,
        "f1-score": 0.2601014846833302,
        "support": 1703.0
      },
      ">30": {
        "precision": 0.4676712328767123,
        "recall": 0.3201425356339085,
        "f1-score": 0.3800935203740815,
        "support": 5332.0
      },
      "accuracy": 0.49140916355887054,
      "macro avg": {
        "precision": 0.4338945469549597,
        "recall": 0.45015541421177857,
        "f1-score": 0.42447341925844045,
        "support": 15016.0
      },
      "weighted avg": {
        "precision": 0.5293759168296993,
        "recall": 0.49140916355887054,
        "f1-score": 0.501024388718164,
        "support": 15016.0
      }
    }
  },
  "random_forest": {
    "model_name": "random_forest",
    "accuracy": 0.5320990942994139,
    "precision_macro": 0.4426826763806706,
    "recall_macro": 0.44408839054841964,
    "f1_macro": 0.44275473982460606,
    "precision_weighted": 0.5307910954530056,
    "recall_weighted": 0.5320990942994139,
    "f1_weighted": 0.5308365642286083,
    "roc_auc_ovr": 0.6523101204458627,
    "roc_auc_weighted": 0.6539505340174624,
    "precision_per_class": [
      0.6390489913544669,
      0.22144772117962466,
      0.4675513166079204
    ],
    "recall_per_class": [
      0.6668337301090089,
      0.24251321197886083,
      0.42291822955738934
    ],
    "f1_per_class": [
      0.652645778404562,
      0.23150224215246637,
      0.4441161989167898
    ],
    "confusion_matrix": [
      [
        5322,
        733,
        1926
      ],
      [
        648,
        413,
        642
      ],
      [
        2358,
        719,
        2255
      ]
    ],
    "classification_report": {
      "NO": {
        "precision": 0.6390489913544669,
        "recall": 0.6668337301090089,
        "f1-score": 0.652645778404562,
        "support": 7981.0
      },
      "<30": {
        "precision": 0.22144772117962466,
        "recall": 0.24251321197886083,
        "f1-score": 0.23150224215246637,
        "support": 1703.0
      },
      ">30": {
        "precision": 0.4675513166079204,
        "recall": 0.42291822955738934,
        "f1-score": 0.4441161989167898,
        "support": 5332.0
      },
      "accuracy": 0.5320990942994139,
      "macro avg": {
        "precision": 0.4426826763806706,
        "recall": 0.44408839054841964,
        "f1-score": 0.44275473982460606,
        "support": 15016.0
      },
      "weighted avg": {
        "precision": 0.5307910954530056,
        "recall": 0.5320990942994139,
        "f1-score": 0.5308365642286083,
        "support": 15016.0
      }
    }
  },
  "xgboost": {
    "model_name": "xgboost",
    "accuracy": 0.5753862546616942,
    "precision_macro": 0.49380246634779584,
    "recall_macro": 0.40751386303046405,
    "f1_macro": 0.38868656267089624,
    "precision_weighted": 0.5414462579296928,
    "recall_weighted": 0.5753862546616942,
    "f1_weighted": 0.5275793475271352,
    "roc_auc_ovr": 0.662591050916073,
    "roc_auc_weighted": 0.6654867931298787,
    "precision_per_class": [
      0.6046151039766509,
      0.37755102040816324,
      0.4992412746585736
    ],
    "recall_per_class": [
      0.8305976694649794,
      0.02172636523781562,
      0.37021755438859716
    ],
    "f1_per_class": [
      0.6998152546846134,
      0.041088284286507494,
      0.42515614904156795
    ],
    "confusion_matrix": [
      [
        6629,
        18,
        1334
      ],
      [
        1020,
        37,
        646
      ],
      [
        3315,
        43,
        1974
      ]
    ],
    "classification_report": {
      "NO": {
        "precision": 0.6046151039766509,
        "recall": 0.8305976694649794,
        "f1-score": 0.6998152546846134,
        "support": 7981.0
      },
      "<30": {
        "precision": 0.37755102040816324,
        "recall": 0.02172636523781562,
        "f1-score": 0.041088284286507494,
        "support": 1703.0
      },
      ">30": {
        "precision": 0.4992412746585736,
        "recall": 0.37021755438859716,
        "f1-score": 0.42515614904156795,
        "support": 5332.0
      },
      "accuracy": 0.5753862546616942,
      "macro avg": {
        "precision": 0.49380246634779584,
        "recall": 0.40751386303046405,
        "f1-score": 0.38868656267089624,
        "support": 15016.0
      },
      "weighted avg": {
        "precision": 0.5414462579296928,
        "recall": 0.5753862546616942,
        "f1-score": 0.5275793475271352,
        "support": 15016.0
      }
    }
  },
  "lightgbm": {
    "model_name": "lightgbm",
    "accuracy": 0.49314064997336177,
    "precision_macro": 0.4402706166650063,
    "recall_macro": 0.45841865205632776,
    "f1_macro": 0.43540722540062465,
    "precision_weighted": 0.5387670999754136,
    "recall_weighted": 0.49314064997336177,
    "f1_weighted": 0.5093468049993648,
    "roc_auc_ovr": 0.6519310753464781,
    "roc_auc_weighted": 0.6554891203314538,
    "precision_per_class": [
      0.6631322539045709,
      0.19539249146757678,
      0.46228710462287104
    ],
    "recall_per_class": [
      0.5798772083698784,
      0.4034057545507927,
      0.3919729932483121
    ],
    "f1_per_class": [
      0.618716577540107,
      0.26326882544548763,
      0.4242362732162793
    ],
    "confusion_matrix": [
      [
        4628,
        1463,
        1890
      ],
      [
        475,
        687,
        541
      ],
      [
        1876,
        1366,
        2090
      ]
    ],
    "classification_report": {
      "NO": {
        "precision": 0.6631322539045709,
        "recall": 0.5798772083698784,
        "f1-score": 0.618716577540107,
        "support": 7981.0
      },
      "<30": {
        "precision": 0.19539249146757678,
        "recall": 0.4034057545507927,
        "f1-score": 0.26326882544548763,
        "support": 1703.0
      },
      ">30": {
        "precision": 0.46228710462287104,
        "recall": 0.3919729932483121,
        "f1-score": 0.4242362732162793,
        "support": 5332.0
      },
      "accuracy": 0.49314064997336177,
      "macro avg": {
        "precision": 0.4402706166650063,
        "recall": 0.45841865205632776,
        "f1-score": 0.43540722540062465,
        "support": 15016.0
      },
      "weighted avg": {
        "precision": 0.5387670999754136,
        "recall": 0.49314064997336177,
        "f1-score": 0.5093468049993648,
        "support": 15016.0
      }
    }
  }
}